Index,Label
C2.001,C
C2.002,C
C2.003,C
C2.004,C
C2.005,C
C2.006,C
C2.007,C
C2.008,C
C2.009,C
C2.010,C
C2.011,C
C2.012,C
C2.013,C
C2.014,C
C2.015,C
C2.016,C
C2.017,C
C2.018,C
C2.019,C
C2.020,C
C2.021,C
C2.022,C
C2.023,C
C2.024,C
C2.025,C
C2.026,C
C2.027,C
C2.028,C
C2.029,C
C2.030,C
C2.031,C
C2.032,C
C2.033,C
C2.034,C
C2.035,C
C2.036,C
C2.037,C
C2.038,C
C2.039,C
C2.040,C
C2.041,C
C2.042,C
C2.043,C
C2.044,C
C2.045,C
C2.046,C
C2.047,C
C2.048,C
C2.049,C
C2.050,C
C2.051,C
C2.052,C
C2.053,C
C2.054,C
C2.055,C
C2.056,C
C2.057,C
C2.058,C
C2.059,C
C2.060,C
C2.061,C
C2.062,C
C2.063,C
C2.064,C
C2.065,C
C2.066,C
C2.067,C
C2.068,C
C2.069,C
C2.070,C
C2.071,C
C2.072,C
C2.073,C
C2.074,C
C2.075,C
C2.076,C
C2.077,C
C2.078,C
C2.079,C
C2.080,C
C2.082,C
C2.083,C
C2.084,C
C2.085,C
C2.086,C
C2.087,C
C2.088,C
C2.089,C
C2.090,C
C2.091,C
C2.092,C
C2.093,C
C2.094,C
C2.095,C
C2.096,C
C2.097,C
C2.098,C
C2.099,C
C2.100,C
C2.102,C
C2.103,C
C2.104,C
C2.105,C
C2.106,C
C2.107,C
C2.108,C
C2.109,C
C2.110,C
C2.111,C
C2.112,C
C2.113,C
C2.114,C
C2.115,C
C2.116,C
C2.117,C
C2.118,C
C2.119,C
C2.120,C
C2.121,C
C2.122,C
C2.123,C
C2.124,C
C2.125,C
C2.126,C
C2.127,C
C2.128,C
C2.129,C
C2.130,C
C2.131,C
C2.132,C
C2.133,C
C2.134,C
C2.135,C
C2.136,C
C2.137,C
C2.138,C
C2.139,C
C2.140,C
C2.141,C
C2.142,C
C2.143,C
C2.144,C
C2.145,C
C2.146,C
C2.147,C
C2.148,C
C2.149,C
C2.150,C
C2.151,C
C2.152,C
C2.153,C
C2.154,C
C2.155,C
C2.156,C
C2.157,C
C2.158,C
C2.159,C
C2.160,C
C2.161,C
C2.162,C
C2.163,C
C2.164,C
C2.165,C
C2.166,C
C2.167,C
C2.168,C
C2.169,C
C2.170,C
C2.171,C
C2.172,C
C2.173,C
C2.174,C
C2.175,C
C2.176,C
C2.177,C
C2.178,C
C2.179,C
C2.180,C
C2.181,C
C2.182,C
C2.183,C
C2.184,C
C2.185,C
C2.186,C
C2.187,C
C2.188,C
C2.189,C
C2.190,C
C2.191,C
C2.192,C
C2.193,C
C2.194,C
C2.195,C
C2.196,C
C2.197,C
C2.198,C
C2.199,C
C2.200,C
D2.001,D
D2.002,D
D2.003,D
D2.004,D
D2.005,D
D2.006,D
D2.007,D
D2.008,D
D2.009,D
D2.010,D
D2.011,D
D2.012,D
D2.013,D
D2.014,D
D2.015,D
D2.016,D
D2.017,D
D2.018,D
D2.019,D
D2.020,D
D2.021,D
D2.022,D
D2.023,D
D2.024,D
D2.025,D
D2.026,D
D2.027,D
D2.028,D
D2.029,D
D2.030,D
D2.031,D
D2.032,D
D2.033,D
D2.034,D
D2.035,D
D2.036,D
D2.037,D
D2.038,D
D2.039,D
D2.040,D
D2.041,D
D2.042,D
D2.043,D
D2.044,D
D2.045,D
D2.046,D
D2.047,D
D2.048,D
D2.049,D
D2.050,D
D2.051,D
D2.052,D
D2.053,D
D2.054,D
D2.055,D
D2.056,D
D2.057,D
D2.058,D
D2.059,D
D2.060,D
D2.061,D
D2.062,D
D2.063,D
D2.064,D
D2.065,D
D2.066,D
D2.067,D
D2.068,D
D2.069,D
D2.070,D
D2.071,D
D2.072,D
D2.073,D
D2.074,D
D2.075,D
D2.076,D
D2.077,D
D2.078,D
D2.079,D
D2.080,D
D2.082,D
D2.083,D
D2.084,D
D2.085,D
D2.086,D
D2.087,D
D2.088,D
D2.089,D
D2.090,D
D2.091,D
D2.092,D
D2.093,D
D2.094,D
D2.095,D
D2.096,D
D2.097,D
D2.098,D
D2.099,D
D2.100,D
D2.101,D
D2.102,D
D2.103,D
D2.104,D
D2.105,D
D2.106,D
D2.107,D
D2.108,D
D2.109,D
D2.110,D
D2.111,D
D2.112,D
D2.113,D
D2.114,D
D2.115,D
D2.116,D
D2.117,D
D2.118,D
D2.119,D
D2.120,D
D2.121,D
D2.122,D
D2.123,D
D2.124,D
D2.125,D
D2.126,D
D2.127,D
D2.128,D
D2.129,D
D2.130,D
D2.131,D
D2.132,D
D2.133,D
D2.134,D
D2.135,D
D2.136,D
D2.137,D
D2.138,D
D2.139,D
D2.140,D
D2.141,D
D2.142,D
D2.143,D
D2.144,D
D2.145,D
D2.146,D
D2.147,D
D2.148,D
D2.149,D
D2.150,D
D2.151,D
D2.152,D
D2.153,D
D2.154,D
D2.155,D
D2.156,D
D2.157,D
D2.158,D
D2.159,D
D2.160,D
D2.161,D
D2.162,D
D2.163,D
D2.164,D
D2.165,D
D2.166,D
D2.167,D
D2.168,D
D2.169,D
D2.170,D
D2.171,D
D2.172,D
D2.173,D
D2.174,D
D2.175,D
D2.176,D
D2.177,D
D2.178,D
D2.179,D
D2.180,D
D2.182,D
D2.183,D
D2.184,D
D2.187,D
D2.189,D
D2.190,D
D2.191,D
D2.192,D
D2.193,D
D2.194,D
D2.195,D
D2.196,D
D2.197,D
D2.198,D
D2.199,D
D2.200,D
